Family,Genus,CommonName,Species,Species (ITIS),IUCN,Pop_T,IUCN_Evaluation,IUCN&Pop_T_Refs,Realm,Realm_refs
Cercopithecidae,Allenopithecus,Allen_s_Swamp_Monkey,Allenopithecus_nigroviridis,Allenopithecus_nigroviridis,LC,NA,2008,227,M_Africa,976
Cheirogaleidae,Allocebus,Hairy_eared_Dwarf_Lemur,Allocebus_trichotis,Allocebus_trichotis,VU,D,2012,227,Madagascar,976
Cercopithecidae,Allochrocebus,L_Hoest_s_Monkey,Allochrocebus_lhoesti,Allochrocebus_lhoesti,VU,D,2008,227,M_Africa,976
Cercopithecidae,Allochrocebus,Preuss_s_Monkey,Allochrocebus_preussi,Allochrocebus_preussi,EN,D,2008,227,M_Africa,976
Cercopithecidae,Allochrocebus,Sun_tailed_Monkey,Allochrocebus_solatus,Allochrocebus_solatus,VU,NA,2008,227,M_Africa,976
Atelidae,Alouatta,Ursine_Red_Howler,Alouatta_arctoidea,Alouatta_arctoidea,LC,NA,2015,227,Neotropics,976
Atelidae,Alouatta,Red_handed_Howler,Alouatta_belzebul,Alouatta_belzebul,VU,D,2008,227,Neotropics,976
Atelidae,Alouatta,Paraguayan_Howler,Alouatta_caraya,Alouatta_caraya,LC,D,2008,227,Neotropics,976
Atelidae,Alouatta,Spix_s_Howler,Alouatta_discolor,Alouatta_discolor,VU,D,2008,227,Neotropics,976
Atelidae,Alouatta,Brown_Howler,Alouatta_guariba,Alouatta_guariba,LC,D,2008,227,Neotropics,976
Atelidae,Alouatta,Guianan_Red_Howler,Alouatta_macconnelli,Alouatta_macconnelli,LC,NA,2008,227,Neotropics,976
Atelidae,Alouatta,Amazon_Black_Howler,Alouatta_nigerrima,Alouatta_nigerrima,LC,NA,2015,227,Neotropics,976
Atelidae,Alouatta,Mantled_Howler,Alouatta_palliata,Alouatta_palliata,LC,NA,2008,227,Neotropics,976
Atelidae,Alouatta,Central_American_Black_Howler,Alouatta_pigra,Alouatta_pigra,EN,D,2008,227,Neotropics,976
Atelidae,Alouatta,Bolivian_Red_Howler,Alouatta_sara,Alouatta_sara,LC,D,2008,227,Neotropics,976
Atelidae,Alouatta,Colombian_Red_Howler,Alouatta_seniculus,Alouatta_seniculus,LC,NA,2008,227,Neotropics,976
Atelidae,Alouatta,Maranhão_Red_handed_Howler,Alouatta_ululata,Alouatta_ululata,EN,D,2008,227,Neotropics,976
Aotidae,Aotus,Azara_s_Night_Monkey,Aotus_azarae,Aotus_azarae,LC,D,2015,227,Neotropics,976
Aotidae,Aotus,Brumback_s_Night_Monkey,Aotus_brumbacki,Aotus_brumbacki,VU,D,2008,227,Neotropics,976
Aotidae,Aotus,Gray_legged_Night_Monkey,Aotus_griseimembra,Aotus_griseimembra,VU,D,2008,227,Neotropics,976
Aotidae,Aotus,Hernández_Camacho_s_Night_Monkey,Aotus_jorgehernandezi,Aotus_jorgehernandezi,DD,NA,2015,227,Neotropics,976
Aotidae,Aotus,Lemurine_Night_Monkey,Aotus_lemurinus,Aotus_lemurinus,VU,D,2008,227,Neotropics,976
Aotidae,Aotus,Andean_Night_Monkey,Aotus_miconax,Aotus_miconax,VU,D,2008,227,Neotropics,976
Aotidae,Aotus,Ma_s_Night_Monkey,Aotus_nancymaae,Aotus_nancymaae,VU,NA,2017,227,Neotropics,976
Aotidae,Aotus,Black_headed_Night_Monkey,Aotus_nigriceps,Aotus_nigriceps,LC,NA,2015,227,Neotropics,976
Aotidae,Aotus,Humboldt_s_Night_Monkey,Aotus_trivirgatus,Aotus_trivirgatus,LC,NA,2015,227,Neotropics,976
Aotidae,Aotus,Spix_s_Night_Monkey,Aotus_vociferans,Aotus_vociferans,LC,D,2015,227,Neotropics,976
Aotidae,Aotus,Panamanian_Night_Monkey,Aotus_zonalis,Aotus_zonalis,DD,NA,2008,227,Neotropics,976
Lorisidae,Arctocebus,Golden_Angwantibo,Arctocebus_aureus,Arctocebus_aureus,LC,NA,2008,227,M_Africa,976
Lorisidae,Arctocebus,Calabar_Angwantibo,Arctocebus_calabarensis,Arctocebus_calabarensis,LC,NA,2008,227,M_Africa,976
Atelidae,Ateles,White_bellied_Spider_Monkey,Ateles_belzebuth,Ateles_belzebuth,EN,D,2008,227,Neotropics,976
Atelidae,Ateles,Black_Spider_Monkey,Ateles_chamek,Ateles_chamek,EN,D,2008,227,Neotropics,976
Atelidae,Ateles,Brown_headed_Spider_Monkey,Ateles_fusciceps,Ateles_fusciceps,CR,D,2008,227,Neotropics,976
Atelidae,Ateles,Central_American_Spider_Monkey,Ateles_geoffroyi,Ateles_geoffroyi,EN,D,2008,227,Neotropics,976
Atelidae,Ateles,Variegated_Spider_Monkey,Ateles_hybridus,Ateles_hybridus,CR,D,2008,227,Neotropics,976
Atelidae,Ateles,White_whiskered_Spider_Monkey,Ateles_marginatus,Ateles_marginatus,EN,D,2008,227,Neotropics,976
Atelidae,Ateles,Red_faced_Black_Spider_Monkey,Ateles_paniscus,Ateles_paniscus,VU,D,2008,227,Neotropics,976
Indriidae,Avahi,Betsileo_Woolly_Lemur,Avahi_betsileo,Avahi_betsileo,EN,D,2012,227,Madagascar,976
Indriidae,Avahi,Bemaraha_Woolly_Lemur,Avahi_cleesei,Avahi_cleesei,EN,D,2012,227,Madagascar,976
Indriidae,Avahi,Eastern_Woolly_Lemur,Avahi_laniger,Avahi_laniger,VU,D,2012,227,Madagascar,976
Indriidae,Avahi,Southern_Woolly_Lemur,Avahi_meridionalis,Avahi_meridionalis,EN,D,2012,227,Madagascar,976
Indriidae,Avahi,Masoala_Woolly_Lemur,Avahi_mooreorum,Avahi_mooreorum,EN,D,2012,227,Madagascar,976
Indriidae,Avahi,Western_Woolly_Lemur,Avahi_occidentalis,Avahi_occidentalis,EN,D,2012,227,Madagascar,976
Indriidae,Avahi,Peyrieras_s_Woolly_Lemur,Avahi_peyrierasi,Avahi_peyrierasi,VU,D,2012,227,Madagascar,976
Indriidae,Avahi,Manombo_Woolly_Lemur,Avahi_ramanantsoavanai,Avahi_ramanantsoavanai,VU,D,2012,227,Madagascar,976
Indriidae,Avahi,Sambirano_Woolly_Lemur,Avahi_unicolor,Avahi_unicolor,EN,D,2012,227,Madagascar,976
Atelidae,Brachyteles,Southern_Muriqui,Brachyteles_arachnoides,Brachyteles_arachnoides,EN,D,2008,227,Neotropics,976
Atelidae,Brachyteles,Northern_Muriqui,Brachyteles_hypoxanthus,Brachyteles_hypoxanthus,CR,D,2008,227,Neotropics,976
Pitheciidae,Cacajao,Ayres_Black_Uakari,NA,Cacajao_ayresi,VU,D,2008,227,Neotropics,976
Pitheciidae,Cacajao,Bald_Uacari,Cacajao_calvus,Cacajao_calvus,VU,D,2008,227,Neotropics,976
Pitheciidae,Cacajao,Black_headed_Uacari,NA,Cacajao_hosomi,VU,D,2008,228,Neotropics,976
Pitheciidae,Cacajao,Black_headed_Uacari,Cacajao_melanocephalus,Cacajao_melanocephalus,LC,S,2015,227,Neotropics,976
Pitheciidae,Cacajao,Spix_s_Black_headed_Uacari,Cacajao_ouakary,NA,VU,D,NA,227,Neotropics,976
Callitrichidae,Callibella,Black_crowned_Dwarf_Marmoset,Callibella_humilis,NA,LC,S,2015,227,Neotropics,976
Pitheciidae,Callicebus,Blond_Titi,Callicebus_barbarabrownae,Callicebus_barbarabrownae,CR,D,2008,227,Neotropics,976
Pitheciidae,Callicebus,Coimbra_Filho_s_Titi,Callicebus_coimbrai,Callicebus_coimbrai,EN,D,2008,227,Neotropics,976
Pitheciidae,Callicebus,Southern_Bahian_Titi,Callicebus_melanochir,Callicebus_melanochir,VU,D,2008,227,Neotropics,976
Pitheciidae,Callicebus,Black_fronted_Titi,Callicebus_nigrifrons,Callicebus_nigrifrons,NT,D,2008,227,Neotropics,976
Pitheciidae,Callicebus,Masked_Titi,Callicebus_personatus,Callicebus_personatus,VU,D,2008,227,Neotropics,976
Callitrichidae,Callimico,Goeldi_s_Monkey*,Callimico_goeldii,Callimico_goeldii,VU,D,2008,227,Neotropics,976
Callitrichidae,Callithrix,Buffy_tufted_ear_Marmoset,Callithrix_aurita,Callithrix_aurita,VU,D,2008,227,Neotropics,976
Callitrichidae,Callithrix,Buffy_headed_Marmoset,Callithrix_flaviceps,Callithrix_flaviceps,EN,D,2008,227,Neotropics,976
Callitrichidae,Callithrix,Geoffroy_s_Tufted_ear_Marmoset,Callithrix_geoffroyi,Callithrix_geoffroyi,LC,S,2015,227,Neotropics,976
Callitrichidae,Callithrix,Common_Marmoset,Callithrix_jacchus,Callithrix_jacchus,LC,S,2015,227,Neotropics,976
Callitrichidae,Callithrix,Wied_s_Black_tufted_ear_Marmoset,Callithrix_kuhlii,Callithrix_kuhlii,NT,D,2008,227,Neotropics,976
Callitrichidae,Callithrix,Black_tufted_ear_Marmoset,Callithrix_penicillata,Callithrix_penicillata,LC,I,2015,227,Neotropics,976
Tarsiidae,Carlito,Philippine_Tarsier,Carlito_syrichta,Carlito_syrichta,NT,D,2008,227,Asia,976
Callitrichidae,Cebuella,Eastern_Pygmy_Marmoset,NA,Cebuella_niveiventris,LC,S,2008,228,Asia,976
Callitrichidae,Cebuella,Pygmy_Marmoset,Cebuella_pygmaea,Cebuella_pygmaea,LC,D,2008,227,Neotropics,976
Cebidae,Cebus,Ecuadorian_White_fronted_Capuchin,Cebus_aequatorialis,Cebus_aequatorialis,CR,D,2008,227,Neotropics,976
Cebidae,Cebus,Humboldt_s_White_fronted_Capuchin,Cebus_albifrons,Cebus_albifrons,LC,D,2008,227,Neotropics,976
Cebidae,Cebus,Venezuelan_Brown_Capuchin,Cebus_brunneus,Cebus_brunneus,LC,NA,2008,227,Neotropics,976
Cebidae,Cebus,Colombian_White_faced_Capuchin,Cebus_capucinus,Cebus_capucinus,LC,NA,2008,227,Neotropics,976
Cebidae,Cebus,Río_Cesar_White_fronted_Capuchin,Cebus_cesarae,Cebus_cesarae,DD,D,2008,227,Neotropics,976
Cebidae,Cebus,Shock_headed_Capuchin,Cebus_cuscinus,Cebus_cuscinus,NT,D,2008,227,Neotropics,976
Cebidae,Cebus,Panamanian_White_faced_Capuchin,Cebus_imitator,Cebus_imitator,LC,D,NA,227,Neotropics,976
Cebidae,Cebus,Ka_apor_Capuchin,Cebus_kaapori,Cebus_kaapori,CR,D,2008,227,Neotropics,976
Cebidae,Cebus,Sierra_de_Perijá_White_fronted_Capuchin,Cebus_leucocephalus,Cebus_leucocephalus,NE,NA,NA,227,Neotropics,976
Cebidae,Cebus,Santa_Marta_White_fronted_Capuchin,Cebus_malitiosus,Cebus_malitiosus,EN,D,2008,227,Neotropics,976
Cebidae,Cebus,Guianan_Weeper_Capuchin,Cebus_olivaceus,Cebus_olivaceus,LC,NA,,227,Neotropics,976
Cebidae,Cebus,Spix_s_White_fronted_Capuchin,Cebus_unicolor,Cebus_unicolor,LC,NA,NA,227,Neotropics,976
Cebidae,Cebus,Varied_White_fronted_Capuchin,Cebus_versicolor,Cebus_versicolor,EN,D,2008,227,Neotropics,976
Cebidae,Cebus,Marañón_White_fronted_Capuchin,Cebus_yuracus,Cebus_yuracus,NE,NA,NA,227,Neotropics,976
Tarsiidae,Cephalopachus,Western_Tarsier,Cephalopachus_bancanus,Cephalopachus_bancanus,VU,D,2008,227,Asia,976
Cercopithecidae,Cercocebus,Agile_Mangabey,Cercocebus_agilis,Cercocebus_agilis,LC,S,2008,227,M_Africa,976
Cercopithecidae,Cercocebus,Sooty_Mangabey,Cercocebus_atys,Cercocebus_atys,NT,D,2008,227,M_Africa,976
Cercopithecidae,Cercocebus,Golden_bellied_Mangabey,Cercocebus_chrysogaster,Cercocebus_chrysogaster,DD,D,2008,227,M_Africa,976
Cercopithecidae,Cercocebus,Tana_River_Mangabey,Cercocebus_galeritus,Cercocebus_galeritus,EN,D,2008,227,M_Africa,976
Cercopithecidae,Cercocebus,White_naped_Mangabey,Cercocebus_lunulatus,Cercocebus_lunulatus,EN,D,2008,227,M_Africa,976
Cercopithecidae,Cercocebus,Sanje_River_Mangabey,Cercocebus_sanjei,Cercocebus_sanjei,EN,D,2008,227,M_Africa,976
Cercopithecidae,Cercocebus,Red_capped_Mangabey,Cercocebus_torquatus,Cercocebus_torquatus,VU,D,2008,227,M_Africa,976
Cercopithecidae,Cercopithecus,Syke_s_Monkey,Cercopithecus_albogularis,NA,LC,NA,2008,227,M_Africa,976
Cercopithecidae,Cercopithecus,Red_tailed_Monkey,Cercopithecus_ascanius,Cercopithecus_ascanius,LC,NA,2008,227,M_Africa,976
Cercopithecidae,Cercopithecus,Campbell_s_Monkey,Cercopithecus_campbelli,Cercopithecus_campbelli,LC,NA,2008,227,M_Africa,976
Cercopithecidae,Cercopithecus,Moustached_Monkey,Cercopithecus_cephus,Cercopithecus_cephus,LC,NA,2008,227,M_Africa,976
Cercopithecidae,Cercopithecus,Dent_s_Monkey,Cercopithecus_denti,Cercopithecus_denti,LC,D,2008,227,M_Africa,976
Cercopithecidae,Cercopithecus,Diana_Monkey,Cercopithecus_diana,Cercopithecus_diana,VU,D,2008,227,M_Africa,976
Cercopithecidae,Cercopithecus,Silver_Monkey,Cercopithecus_doggetti,NA,LC,D,2008,227,M_Africa,976
Cercopithecidae,Cercopithecus,Dryas_Monkey,Cercopithecus_dryas,Cercopithecus_dryas,CR,NA,2008,227,M_Africa,976
Cercopithecidae,Cercopithecus,Red_bellied_Monkey,Cercopithecus_erythrogaster,Cercopithecus_erythrogaster,VU,D,2008,227,M_Africa,976
Cercopithecidae,Cercopithecus,Red_eared_Monkey,Cercopithecus_erythrotis,Cercopithecus_erythrotis,VU,D,2008,227,M_Africa,976
Cercopithecidae,Cercopithecus,Owl_faced_Monkey,Cercopithecus_hamlyni,Cercopithecus_hamlyni,VU,D,2008,227,M_Africa,976
Cercopithecidae,Cercopithecus,Virungas_Golden_Monkey,Cercopithecus_kandti,NA,EN,D,2008,227,M_Africa,976
Cercopithecidae,Cercopithecus,Lesula,Cercopithecus_lomamiensis,Cercopithecus_lomamiensis,NE,NA,NA,227,M_Africa,976
Cercopithecidae,Cercopithecus,Lowe_s_Monkey,Cercopithecus_lowei,Cercopithecus_lowei,LC,NA,2008,227,M_Africa,976
Cercopithecidae,Cercopithecus,Blue_Monkey,Cercopithecus_mitis,Cercopithecus_mitis,LC,D,2008,227,M_Africa,976
Cercopithecidae,Cercopithecus,Mona_Monkey,Cercopithecus_mona,Cercopithecus_mona,LC,NA,2008,227,M_Africa,976
Cercopithecidae,Cercopithecus,De_Brazza_s_Monkey,Cercopithecus_neglectus,Cercopithecus_neglectus,LC,NA,2008,227,M_Africa,976
Cercopithecidae,Cercopithecus,Putty_nosed_Monkey,Cercopithecus_nictitans,Cercopithecus_nictitans,LC,D,2008,227,M_Africa,976
Cercopithecidae,Cercopithecus,Spot_nosed_Monkey,Cercopithecus_petaurista,Cercopithecus_petaurista,LC,NA,2008,227,M_Africa,976
Cercopithecidae,Cercopithecus,Crowned_Monkey,Cercopithecus_pogonias,Cercopithecus_pogonias,VU,D,2008,227,M_Africa,976
Cercopithecidae,Cercopithecus,Roloway_Monkey,Cercopithecus_roloway,Cercopithecus_roloway,EN,D,2008,227,M_Africa,976
Cercopithecidae,Cercopithecus,Sclater_s_Monkey,Cercopithecus_sclateri,Cercopithecus_sclateri,VU,D,2008,227,M_Africa,976
Cercopithecidae,Cercopithecus,Wolf_s_Monkey,Cercopithecus_wolfi,Cercopithecus_wolfi,LC,D,2008,227,M_Africa,976
Cheirogaleidae,Cheirogaleus,Montagne_d_Ambre_Dwarf_Lemur,Cheirogaleus_andysabini,Cheirogaleus_andysabini,NE,NA,NA,227,Madagascar,976
Cheirogaleidae,Cheirogaleus,Crossley_s_Dwarf_Lemur,Cheirogaleus_crossleyi,Cheirogaleus_crossleyi,DD,D,2012,227,Madagascar,976
Cheirogaleidae,Cheirogaleus,Lavasoa_Dwarf_lemur,Cheirogaleus_lavasoensis,Cheirogaleus_lavasoensis,NE,NA,NA,227,Madagascar,976
Cheirogaleidae,Cheirogaleus,Greater_Dwarf_Lemur,Cheirogaleus_major,Cheirogaleus_major,DD,D,2012,227,Madagascar,976
Cheirogaleidae,Cheirogaleus,Fat_tailed_Dwarf_Lemur,Cheirogaleus_medius,Cheirogaleus_medius,LC,D,2012,227,Madagascar,976
Cheirogaleidae,Cheirogaleus,Lesser_Iron_gray_Dwarf_Lemur,Cheirogaleus_minusculus,Cheirogaleus_minusculus,DD,D,2012,227,Madagascar,976
Cheirogaleidae,Cheirogaleus, Sheth's_Dwarf_Lemur,NA,Cheirogaleus_shethi,NA,NA,NA,NA,NA,NA
Cheirogaleidae,Cheirogaleus,Sibree_s_Dwarf_Lemur,Cheirogaleus_sibreei,Cheirogaleus_sibreei,CR,D,2012,227,Madagascar,976
Cheirogaleidae,Cheirogaleus,Thomas_s_Dwarf_Lemur,Cheirogaleus_thomasi,Cheirogaleus_thomasi,NE,NA,NA,227,Madagascar,976
Pitheciidae,Cheracebus,Yellow_handed_Titi,Cheracebus_lucifer,Cheracebus_lucifer,LC,NA,2015,227,Neotropics,976
Pitheciidae,Cheracebus,White_chested_Titi,Cheracebus_lugens,Cheracebus_lugens,LC,NA,2015,227,Neotropics,976
Pitheciidae,Cheracebus,Medem_s_Titi,Cheracebus_medemi,Cheracebus_medemi,VU,D,2008,227,Neotropics,976
Pitheciidae,Cheracebus,Rio_Purus_Titi,Cheracebus_purinus,Cheracebus_purinus,LC,NA,2015,227,Neotropics,976
Pitheciidae,Cheracebus,Rio_Juruá_Collared_Titi,Cheracebus_regulus,Cheracebus_regulus,LC,NA,2015,227,Neotropics,976
Pitheciidae,Cheracebus,White_collared_Titi,Cheracebus_torquatus,Cheracebus_torquatus,LC,NA,2015,227,Neotropics,976
Pitheciidae,Chiropotes,White_nosed_Bearded_Saki,Chiropotes_albinasus,Chiropotes_albinasus,EN,D,2008,227,Neotropics,976
Pitheciidae,Chiropotes,Rio_Negro_Beared_Saki,Chiropotes_chiropotes,Chiropotes_chiropotes,LC,S,2015,227,Neotropics,976
Pitheciidae,Chiropotes, Brown_backed_Bearded_Saki,NA,Chiropotes_israelita,NA,NA,NA,NA,NA,NA
Pitheciidae,Chiropotes,Guianan_Beared_Saki,Chiropotes_sagulatus,Chiropotes_sagulatus,NE,NA,NA,227,Neotropics,976
Pitheciidae,Chiropotes,Black_Bearded_Saki,Chiropotes_satanas,Chiropotes_satanas,CR,D,2008,227,Neotropics,976
Pitheciidae,Chiropotes,Uta_Hick_s_Bearded_Saki,Chiropotes_utahickae,Chiropotes_utahickae,EN,D,2008,227,Neotropics,976
Cercopithecidae,Chlorocebus,Grivet_Monkey,Chlorocebus_aethiops,Chlorocebus_aethiops,LC,S,2008,227,M_Africa,976
Cercopithecidae,Chlorocebus,Malbrouck_Monkey,Chlorocebus_cynosuros,Chlorocebus_cynosuros,LC,S,2008,227,M_Africa,976
Cercopithecidae,Chlorocebus,Bale_Monkey,Chlorocebus_djamdjamensis,Chlorocebus_djamdjamensis,VU,D,2008,227,M_Africa,976
Cercopithecidae,Chlorocebus,Vervet_Monkey,Chlorocebus_pygerythrus,Chlorocebus_pygerythrus,LC,S,2008,227,M_Africa,976
Cercopithecidae,Chlorocebus,Green_Monkey,Chlorocebus_sabaeus,Chlorocebus_sabaeus,LC,S,2008,227,M_Africa,976
Cercopithecidae,Chlorocebus,Tantalus_Monkey,Chlorocebus_tantalus,Chlorocebus_tantalus,LC,S,2008,227,M_Africa,976
Cercopithecidae,Colobus,Angolan_Colobus,Colobus_angolensis,Colobus_angolensis,LC,NA,2008,227,M_Africa,976
Cercopithecidae,Colobus,Guereza,Colobus_guereza,Colobus_guereza,LC,NA,2008,227,M_Africa,976
Cercopithecidae,Colobus,King_Colobus,Colobus_polykomos,Colobus_polykomos,VU,NA,2008,227,M_Africa,976
Cercopithecidae,Colobus,Black_Colobus,Colobus_satanas,Colobus_satanas,VU,D,2008,227,M_Africa,976
Cercopithecidae,Colobus,White_thighed_Colobus,Colobus_vellerosus,Colobus_vellerosus,VU,NA,2008,227,M_Africa,976
Daubentoniidae,Daubentonia,Aye_aye,Daubentonia_madagascariensis,Daubentonia_madagascariensis,EN,D,2012,227,Madagascar,976
Cercopithecidae,Erythrocebus,Patas_Monkey,Erythrocebus_patas,Erythrocebus_patas,LC,D,2008,227,M_Africa,976
Cercopithecidae,Erythrocebus,Heuglin's_Patas_Monkey,NA,Erythrocebus_poliophaeus,NA,NA,NA,NA,NA,NA
Lemuridae,Eulemur,White_fronted_Brown_Lemur,Eulemur_albifrons,Eulemur_albifrons,EN,D,2012,227,Madagascar,976
Lemuridae,Eulemur,White_collared_Brown_Lemur,Eulemur_cinereiceps,Eulemur_cinereiceps,CR,D,2012,227,Madagascar,976
Lemuridae,Eulemur,Red_collared_Brown_Lemur,Eulemur_collaris,Eulemur_collaris,EN,D,2012,227,Madagascar,976
Lemuridae,Eulemur,Crowned_Lemur,Eulemur_coronatus,Eulemur_coronatus,EN,D,2012,227,Madagascar,976
Lemuridae,Eulemur,Blue_eyed_Black_Lemur,Eulemur_flavifrons,Eulemur_flavifrons,CR,D,2012,227,Madagascar,976
Lemuridae,Eulemur,Brown_Lemur,Eulemur_fulvus,Eulemur_fulvus,NT,D,2012,227,Madagascar,976
Lemuridae,Eulemur,Black_Lemur,Eulemur_macaco,Eulemur_macaco,VU,D,2012,227,Madagascar,976
Lemuridae,Eulemur,Mongoose_Lemur,Eulemur_mongoz,Eulemur_mongoz,CR,D,2012,227,Madagascar,976
Lemuridae,Eulemur,Red_bellied_Lemur,Eulemur_rubriventer,Eulemur_rubriventer,VU,D,2012,227,Madagascar,976
Lemuridae,Eulemur,Red_fronted_Brown_Lemur,Eulemur_rufifrons,Eulemur_rufifrons,NT,D,2012,227,Madagascar,976
Lemuridae,Eulemur,Rufous_Brown_Lemur,Eulemur_rufus,Eulemur_rufus,VU,D,2012,227,Madagascar,976
Lemuridae,Eulemur,Sanford_s_Brown_Lemur,Eulemur_sanfordi,Eulemur_sanfordi,EN,D,2012,227,Madagascar,976
Galagidae,Euoticus,Southern_Needle_clawed_Galago,Euoticus_elegantulus,Euoticus_elegantulus,LC,S,2012,227,M_Africa,976
Galagidae,Euoticus,Northern_Needle_clawed_Galago,Euoticus_pallidus,Euoticus_pallidus,LC,NA,2008,227,M_Africa,976
Galagidae,Galago,Somali_Lesser_Galago,Galago_gallarum,Galago_gallarum,LC,S,NA,227,M_Africa,976
Galagidae,Galago,Spectacled_Lesser_Galago,Galago_matschiei,Galago_matschiei,LC,D,2008,227,M_Africa,976
Galagidae,Galago,Southern_Lesser_Galago,Galago_moholi,Galago_moholi,LC,S,2008,227,M_Africa,976
Galagidae,Galago,Northern_Lesser_Galago,Galago_senegalensis,Galago_senegalensis,LC,S,2008,227,M_Africa,976
Galagidae,Galagoides,Kenya_Coast_Dwarf_Galago,Galagoides_cocos,NA,LC,S,NA,227,M_Africa,976
Galagidae,Galagoides,Demidoff_s_Dwarf_Galago,Galagoides_demidovii,Galagoides_demidovii,LC,S,2008,227,M_Africa,976
Galagidae,Galagoides,Mozambique_Dwarf_Galago,Galagoides_granti,NA,LC,S,2008,227,M_Africa,976
Galagidae,Galagoides,Mountain_Dwarf_Galago,Galagoides_orinus,NA,NT,D,2008,227,M_Africa,976
Galagidae,Galagoides,Rondo_Dwarf_Galago,Galagoides_rondoensis,NA,CR,D,2008,227,M_Africa,976
Galagidae,Galagoides,Angolan_Dwarf_Galago,NA,Galagoides_kumbirensis,NA,NA,NA,NA,NA,NA
Galagidae,Galagoides,Thomas_s_Dwarf_Galago,Galagoides_thomasi,Galagoides_thomasi,LC,S,2008,227,M_Africa,976
Galagidae,Galagoides,Tanzania_Coast_Dwarf_Galago,Galagoides_zanzibaricus,NA,LC,S,2008,227,M_Africa,976
Hominidae,Gorilla,Eastern_Gorilla,Gorilla_beringei,Gorilla_beringei,CR,D,2016,227,M_Africa,976
Hominidae,Gorilla,Western_Gorilla,Gorilla_gorilla,Gorilla_gorilla,CR,D,2016,227,M_Africa,976
Lemuridae,Hapalemur,Lac_Alaotra_Bamboo_Lemur,Hapalemur_alaotrensis,Hapalemur_alaotrensis,CR,D,2012,227,Madagascar,976
Lemuridae,Hapalemur,Golden_Bamboo_Lemur,Hapalemur_aureus,Hapalemur_aureus,CR,D,2012,227,Madagascar,976
Lemuridae,Hapalemur,Gray_Bamboo_Lemur,Hapalemur_griseus,Hapalemur_griseus,VU,D,2012,227,Madagascar,976
Lemuridae,Hapalemur,Southern_Bamboo_Lemur,Hapalemur_meridionalis,Hapalemur_meridionalis,VU,D,2012,227,Madagascar,976
Lemuridae,Hapalemur,Northern_Bamboo_Lemur,Hapalemur_occidentalis,Hapalemur_occidentalis,VU,D,2012,227,Madagascar,976
Hylobatidae,Hoolock,Western_Hoolock_Gibbon,Hoolock_hoolock,Hoolock_hoolock,EN,D,2008,227,Asia,976
Hylobatidae,Hoolock,Eastern_Hoolock_Gibbon,Hoolock_leuconedys,Hoolock_leuconedys,VU,D,2008,227,Asia,976
Hylobatidae,Hoolock,Skywalker_Hoolock_Gibbon,NA,Hoolock_tianxing,NA,NA,NA,NA,NA,NA
Hylobatidae,Hylobates,Abbott_s_Gray_Gibbon,Hylobates_abbotti,Hylobates_abbotti,EN,D,2008,227,Asia,976
Hylobatidae,Hylobates,Agile_Gibbon,Hylobates_agilis,Hylobates_agilis,EN,D,2008,227,Asia,976
Hylobatidae,Hylobates,Bornean_White_bearded_Gibbon,Hylobates_albibarbis,Hylobates_albibarbis,EN,D,2008,227,Asia,976
Hylobatidae,Hylobates,East_Bornean_Gray_Gibbon,Hylobates_funereus,Hylobates_funereus,EN,D,2008,227,Asia,976
Hylobatidae,Hylobates,Kloss_s_Gibbon,Hylobates_klossii,Hylobates_klossii,EN,D,2000,227,Asia,976
Hylobatidae,Hylobates,Lar_Gibbon,Hylobates_lar,Hylobates_lar,EN,D,2008,227,Asia,976
Hylobatidae,Hylobates,Moloch_Gibbon,Hylobates_moloch,Hylobates_moloch,EN,D,2008,227,Asia,976
Hylobatidae,Hylobates,Müller_s_Gibbon,Hylobates_muelleri,Hylobates_muelleri,EN,D,2008,227,Asia,976
Hylobatidae,Hylobates,Pileated_Gibbon,Hylobates_pileatus,Hylobates_pileatus,EN,D,2008,227,Asia,976
Indriidae,Indri,Indri,Indri_indri,Indri_indri,CR,D,2012,227,Madagascar,976
Atelidae,Lagothrix,Gray_Woolly_Monkey,Lagothrix_cana,NA,EN,D,2008,227,Neotropics,976
Atelidae,Lagothrix,Peruvian_Yellow_tailed_Woolly_Monkey,Lagothrix_flavicauda,Lagothrix_flavicauda,CR,D,2008,227,Neotropics,976
Atelidae,Lagothrix,Humboldt_s_Woolly_Monkey,Lagothrix_lagothricha,Lagothrix_lagothricha,VU,D,2008,227,Neotropics,976
Atelidae,Lagotrix,Colombian_Woolly_Monkey,Lagotrix_lugens,NA,CR,D,2008,227,Neotropics,976
Atelidae,Lagothrix,Poeppig_s_Woolly_Monkey,Lagothrix_poeppigii,NA,VU,D,2008,227,Neotropics,976
Lemuridae,Lemur,Ring_tailed_Lemur,Lemur_catta,Lemur_catta,EN,D,2012,227,Madagascar,976
Callitrichidae,Leontocebus,Cruz_Lima’s_Saddle_back_Tamarin,Leontocebus_cruzlimai,Leontocebus_cruzlimai,LC,NA,NA,227,Neotropics,976
Callitrichidae,Leontocebus,Spix_s_Saddle_back_Tamarin,Leontocebus_fuscicollis,Leontocebus_fuscicollis,LC,D,2008,227,Neotropics,976
Callitrichidae,Leontocebus,Lesson_s_Saddle_back_Tamarin,Leontocebus_fuscus,Leontocebus_fuscus,LC,D,2008,227,Neotropics,976
Callitrichidae,Leontocebus,Illiger_s_Saddle_back_Tamarin,Leontocebus_illigeri,Leontocebus_illigeri,LC,D,2008,227,Neotropics,976
Callitrichidae,Leontocebus,Red_mantled_Saddle_back_Tamarin,Leontocebus_lagonotus,Leontocebus_lagonotus,LC,D,2008,227,Neotropics,976
Callitrichidae,Leontocebus,Andean_Saddle_back_Tamarin,Leontocebus_leucogenys,Leontocebus_leucogenys,LC,D,2008,227,Neotropics,976
Callitrichidae,Leontocebus,Black_mantled_tamarin,Leontocebus_nigricollis,Leontocebus_nigricollis,LC,D,2008,227,Neotropics,976
Callitrichidae,Leontocebus,Geoffroy_s_Saddle_back_Tamarin,Leontocebus_nigrifrons,Leontocebus_nigrifrons,LC,D,2008,227,Neotropics,976
Callitrichidae,Leontocebus,Golden_mantled_Saddle_back_Tamarin,Leontocebus_tripartitus,Leontocebus_tripartitus,NT,D,2008,227,Neotropics,976
Callitrichidae,Leontocebus,Weddell’s_Saddle_back_Tamarin,Leontocebus_weddelli,Leontocebus_weddelli,LC,D,2008,227,Neotropics,976
Callitrichidae,Leontopithecus,Black_faced_Lion_Tamarin,Leontopithecus_caissara,Leontopithecus_caissara,CR,D,2008,227,Neotropics,976
Callitrichidae,Leontopithecus,Golden_headed_Lion_Tamarin,Leontopithecus_chrysomelas,Leontopithecus_chrysomelas,EN,D,2008,227,Neotropics,976
Callitrichidae,Leontopithecus,Black_Lion_Tamarin,Leontopithecus_chrysopygus,Leontopithecus_chrysopygus,EN,D,2008,227,Neotropics,976
Callitrichidae,Leontopithecus,Golden_Lion_Tamarin,Leontopithecus_rosalia,Leontopithecus_rosalia,EN,S,2008,227,Neotropics,976
Lepilemuridae,Lepilemur,Antafia_Sportive_Lemur,Lepilemur_aeeclis,Lepilemur_aeeclis,VU,D,2012,227,Madagascar,976
Lepilemuridae,Lepilemur,Tsiombikibo_Sportive_Lemur,Lepilemur_ahmansonorum,Lepilemur_ahmansonorum,EN,D,2012,227,Madagascar,976
Lepilemuridae,Lepilemur,Ankarana_Sportive_Lemur,Lepilemur_ankaranensis,Lepilemur_ankaranensis,EN,D,2013,227,Madagascar,976
Lepilemuridae,Lepilemur,Betsileo_Sportive_Lemur,Lepilemur_betsileo,Lepilemur_betsileo,EN,D,2012,227,Madagascar,976
Lepilemuridae,Lepilemur,Gray_s_Sportive_Lemur,Lepilemur_dorsalis,Lepilemur_dorsalis,VU,D,2012,227,Madagascar,976
Lepilemuridae,Lepilemur,Milne_Edwards_s_Sportive_Lemur,Lepilemur_edwardsi,Lepilemur_edwardsi,EN,D,2012,227,Madagascar,976
Lepilemuridae,Lepilemur,Andohahela_Sportive_Lemur,Lepilemur_fleuretae,Lepilemur_fleuretae,CR,D,2012,227,Madagascar,976
Lepilemuridae,Lepilemur,Anjiamangirana_Sportive_Lemur,Lepilemur_grewcockorum,Lepilemur_grewcockorum,EN,D,2012,227,Madagascar,976
Lepilemuridae,Lepilemur,Mananara_Nord_Sportive_Lemur,Lepilemur_hollandorum,Lepilemur_hollandorum,EN,D,2012,227,Madagascar,976
Lepilemuridae,Lepilemur,Zombitse_Sportive_Lemur,Lepilemur_hubbardi,Lepilemur_hubbardi,EN,D,2012,227,Madagascar,976
Lepilemuridae,Lepilemur,Manombo_Sportive_Lemur,Lepilemur_jamesorum,Lepilemur_jamesorum,CR,D,2012,227,Madagascar,976
Lepilemuridae,Lepilemur,White_footed_Sportive_Lemur,Lepilemur_leucopus,Lepilemur_leucopus,EN,D,2012,227,Madagascar,976
Lepilemuridae,Lepilemur,Small_toothed_Sportive_Lemur,Lepilemur_microdon,Lepilemur_microdon,EN,D,2012,227,Madagascar,976
Lepilemuridae,Lepilemur,Daraina_Sportive_Lemur,Lepilemur_milanoii,Lepilemur_milanoii,EN,D,2012,227,Madagascar,976
Lepilemuridae,Lepilemur,Mittermeier_s_Sportive_Lemur,Lepilemur_mittermeieri,Lepilemur_mittermeieri,EN,D,2012,227,Madagascar,976
Lepilemuridae,Lepilemur,Weasel_Sportive_Lemur,Lepilemur_mustelinus,Lepilemur_mustelinus,NT,D,2012,227,Madagascar,976
Lepilemuridae,Lepilemur,Ambodimahabibo_Sportive_Lemur,Lepilemur_otto,Lepilemur_otto,EN,D,2012,227,Madagascar,976
Lepilemuridae,Lepilemur,Petter_s_Sportive_Lemur,Lepilemur_petteri,Lepilemur_petteri,VU,D,2012,227,Madagascar,976
Lepilemuridae,Lepilemur,Bemaraha_Sportive_Lemur,Lepilemur_randrianasoloi,Lepilemur_randrianasoloi,EN,D,2012,227,Madagascar,976
Lepilemuridae,Lepilemur,Red_tailed_Sportive_Lemur,Lepilemur_ruficaudatus,Lepilemur_ruficaudatus,VU,D,2012,227,Madagascar,976
Lepilemuridae,Lepilemur,Sahamalaza_Sportive_Lemur,Lepilemur_sahamalazensis,Lepilemur_sahamalazensis,CR,D,2012,227,Madagascar,976
Lepilemuridae,Lepilemur,Masoala_Sportive_Lemur,Lepilemur_scottorum,Lepilemur_scottorum,EN,D,2012,227,Madagascar,976
Lepilemuridae,Lepilemur,Seal_s_Sportive_Lemur,Lepilemur_seali,Lepilemur_seali,VU,D,2012,227,Madagascar,976
Lepilemuridae,Lepilemur,Sahafary_Sportive_Lemur,Lepilemur_septentrionalis,Lepilemur_septentrionalis,CR,D,2012,227,Madagascar,976
Lepilemuridae,Lepilemur,Nosy_Be_Sportive_Lemur,Lepilemur_tymerlachsoni,Lepilemur_tymerlachsoni,CR,D,2012,227,Madagascar,976
Lepilemuridae,Lepilemur,Wright_s_Sportive_Lemur,Lepilemur_wrightae,Lepilemur_wrightae,EN,D,2012,227,Madagascar,976
Cercopithecidae,Lophocebus,Gray_cheeked_Mangabey,Lophocebus_albigena,Lophocebus_albigena,LC,D,2008,227,M_Africa,976
Cercopithecidae,Lophocebus,Northern_Black_Crested_Mangabey,Lophocebus_aterrimus,Lophocebus_aterrimus,NT,D,2008,227,M_Africa,976
Cercopithecidae,Lophocebus,Johnston_s_Mangabey,Lophocebus_johnstoni,NA,LC,NA,NA,227,M_Africa,976
Cercopithecidae,Lophocebus,Southern_Back_Crested_Mangabey,Lophocebus_opdenboschi,NA,DD,D,2008,227,M_Africa,976
Cercopithecidae,Lophocebus,Rusty_mantled_Mangabey,Lophocebus_osmani,NA,LC,NA,NA,227,M_Africa,976
Cercopithecidae,Lophocebus,Ugandan_Crested_Mangabey,Lophocebus_ugandae,NA,NE,NA,NA,227,M_Africa,976
Lorisidae,Loris,Gray_Slender_Loris,Loris_lydekkerianus,Loris_lydekkerianus,LC,D,2008,227,Asia,976
Lorisidae,Loris,Red_Slender_Loris,Loris_tardigradus,Loris_tardigradus,EN,D,2008,227,Asia,976
Cercopithecidae,Macaca,Stump_tailed_Macaque,Macaca_arctoides,Macaca_arctoides,VU,D,2008,227,Asia,976
Cercopithecidae,Macaca,Assamese_Macaque,Macaca_assamensis,Macaca_assamensis,NT,D,2008,227,Asia,976
Cercopithecidae,Macaca,Taiwanese_Macaque,Macaca_cyclopis,Macaca_cyclopis,LC,S,2008,227,Asia,976
Cercopithecidae,Macaca,Long_tailed_Macaque,Macaca_fascicularis,Macaca_fascicularis,LC,D,2008,227,Asia,976
Cercopithecidae,Macaca,Japanese_Macaque,Macaca_fuscata,Macaca_fuscata,LC,S,2008,227,Asia,976
Cercopithecidae,Macaca,Heck_s_Macaque,Macaca_hecki,Macaca_hecki,VU,D,2008,227,Asia,976
Cercopithecidae,Macaca,Northern_Pig_tailed_Macaque,Macaca_leonina,Macaca_leonina,VU,D,2008,227,Asia,976
Cercopithecidae,Macaca,White_cheeked_Macaque,Macaca_leucogenys,Macaca_leucogenys,NE,NA,NA,227,Asia,976
Cercopithecidae,Macaca,Moor_Macaque,Macaca_maura,Macaca_maura,EN,D,2008,227,Asia,976
Cercopithecidae,Macaca,Rhesus_Macaque,Macaca_mulatta,Macaca_mulatta,LC,NA,2008,227,Asia,976
Cercopithecidae,Macaca,Arunachal_Macaque,Macaca_munzala,Macaca_munzala,EN,D,2008,227,Asia,976
Cercopithecidae,Macaca,Sunda_Pig_tailed_Macaque,Macaca_nemestrina,Macaca_nemestrina,VU,D,2008,227,Asia,976
Cercopithecidae,Macaca,Crested_Macaque,Macaca_nigra,Macaca_nigra,CR,D,2008,227,Asia,976
Cercopithecidae,Macaca,Gorontalo_Macaque,Macaca_nigrescens,Macaca_nigrescens,VU,D,2008,227,Asia,976
Cercopithecidae,Macaca,Booted_Macaque,Macaca_ochreata,Macaca_ochreata,VU,D,2008,227,Asia,976
Cercopithecidae,Macaca,Pagai_Macaque,Macaca_pagensis,Macaca_pagensis,CR,D,2008,227,Asia,976
Cercopithecidae,Macaca,Bonnet_Macaque,Macaca_radiata,Macaca_radiata,LC,D,2008,227,Asia,976
Cercopithecidae,Macaca,Siberut_Macaque,Macaca_siberu,Macaca_siberu,VU,D,2008,227,Asia,976
Cercopithecidae,Macaca,Lion_tailed_Macaque,Macaca_silenus,Macaca_silenus,EN,D,2008,227,Asia,976
Cercopithecidae,Macaca,Toque_Macaque,Macaca_sinica,Macaca_sinica,EN,D,2008,227,Asia,976
Cercopithecidae,Macaca,Barbary_Macaque,Macaca_sylvanus,Macaca_sylvanus,EN,D,2008,227,M_Africa,976
Cercopithecidae,Macaca,Tibetan_Macaque,Macaca_thibetana,Macaca_thibetana,NT,D,2008,227,Asia,976
Cercopithecidae,Macaca,Tonkean_Macaque,Macaca_tonkeana,Macaca_tonkeana,VU,D,2008,227,Asia,976
Cercopithecidae,Mandrillus,Drill,Mandrillus_leucophaeus,Mandrillus_leucophaeus,EN,NA,2008,227,M_Africa,976
Cercopithecidae,Mandrillus,Mandrill,Mandrillus_sphinx,Mandrillus_sphinx,VU,NA,2008,227,M_Africa,976
Callitrichidae,Mico,Rio_Acarí_Marmoset,Mico_acariensis,Mico_acariensis,LC,NA,2015,227,Neotropics,976
Callitrichidae,Mico,Silvery_Marmoset,Mico_argentatus,Mico_argentatus,LC,D,2015,227,Neotropics,976
Callitrichidae,Mico,Golden_white_Tassel_ear_Marmoset,Mico_chrysoleucos,Mico_chrysoleucos,LC,NA,2015,227,Neotropics,976
Callitrichidae,Mico,Snethlage_s_Marmoset,Mico_emiliae,Mico_emiliae,LC,NA,2015,227,Neotropics,976
Callitrichidae,Mico,Santarém_Marmoset,Mico_humeralifer,Mico_humeralifer,DD,NA,2008,227,Neotropics,976
Callitrichidae,Mico,Black_crowned_Dwarf_Marmoset,NA,Mico_humilis,NA,NA,NA,NA,NA,NA
Callitrichidae,Mico,Rio_Aripuanã_Marmoset,Mico_intermedius,Mico_intermedius,LC,D,2015,227,Neotropics,976
Callitrichidae,Mico,Golden_white_Bare_ear_Marmoset,Mico_leucippe,Mico_leucippe,VU,D,2008,227,Neotropics,976
Callitrichidae,Mico,Marca_s_Marmoset,Mico_marcai,Mico_marcai,DD,NA,2015,227,Neotropics,976
Callitrichidae,Mico,Maués_Marmoset,Mico_mauesi,Mico_mauesi,LC,S,2008,227,Neotropics,976
Callitrichidae,Mico,Black_tailed_Marmoset,Mico_melanurus,Mico_melanurus,LC,NA,2008,227,Neotropics,976
Callitrichidae,Mico,Black_headed_Marmoset,Mico_nigriceps,Mico_nigriceps,DD,NA,2008,227,Neotropics,976
Callitrichidae,Mico,Rondon_s_Marmoset,Mico_rondoni,Mico_rondoni,VU,D,2008,227,Neotropics,976
Callitrichidae,Mico,Sateré_Marmoset,Mico_saterei,Mico_saterei,LC,NA,2015,227,Neotropics,976
Cheirogaleidae,Microcebus,Montagne_d_Ambre_Mouse_Lemur,Microcebus_arnholdi,Microcebus_arnholdi,EN,D,2012,227,Madagascar,976
Cheirogaleidae,Microcebus,Madame_Berthe_s_Mouse_Lemur,Microcebus_berthae,Microcebus_berthae,EN,D,2012,227,Madagascar,976
Cheirogaleidae,Microcebus,Bongolava_Mouse_Lemur,Microcebus_bongolavensis,Microcebus_bongolavensis,EN,D,2012,227,Madagascar,976
Cheirogaleidae,Microcebus, Nosy_Boraha_Mouse_Lemur,NA,Microcebus_boraha,NA,NA,NA,NA,NA,NA
Cheirogaleidae,Microcebus,Ambarijeby_Mouse_Lemur,Microcebus_danfossi,Microcebus_danfossi,EN,D,2012,227,Madagascar,976
Cheirogaleidae,Microcebus,Ganzhorn's_Mouse_Lemur,NA,Microcebus_ganzhorni,NA,NA,NA,NA,NA,NA
Cheirogaleidae,Microcebus,Gerp_s_Mouse_Lemur,Microcebus_gerpi,Microcebus_gerpi,CR,D,2012,227,Madagascar,976
Cheirogaleidae,Microcebus,Gray_brown_Mouse_Lemur,Microcebus_griseorufus,Microcebus_griseorufus,LC,D,2012,227,Madagascar,976
Cheirogaleidae,Microcebus,Jolly_s_Mouse_Lemur,Microcebus_jollyae,Microcebus_jollyae,EN,D,2012,227,Madagascar,976
Cheirogaleidae,Microcebus,Goodman_s_Mouse_Lemur,Microcebus_lehilahytsara,Microcebus_lehilahytsara,VU,D,2012,227,Madagascar,976
Cheirogaleidae,Microcebus,Anjiahely_Mouse_Lemur,Microcebus_macarthurii,Microcebus_macarthurii,EN,D,2012,227,Madagascar,976
Cheirogaleidae,Microcebus,Nosy_Be_Mouse_Lemur,Microcebus_mamiratra,Microcebus_mamiratra,CR,D,2012,227,Madagascar,976
Cheirogaleidae,Microcebus,Bemanasy_Mouse_Lemur,NA,Microcebus_manitatra,NA,NA,NA,NA,NA,NA
Cheirogaleidae,Microcebus,Margot_Marsh_s_Mouse_Lemur,Microcebus_margotmarshae,Microcebus_margotmarshae,EN,D,2012,227,Madagascar,976
Cheirogaleidae,Microcebus,Marohita_Mouse_Lemur,Microcebus_marohita,Microcebus_marohita,CR,D,2012,227,Madagascar,976
Cheirogaleidae,Microcebus,Mittermeier_s_Mouse_Lemur,Microcebus_mittermeieri,Microcebus_mittermeieri,EN,D,2012,227,Madagascar,976
Cheirogaleidae,Microcebus,Gray_Mouse_Lemur,Microcebus_murinus,Microcebus_murinus,LC,D,2012,227,Madagascar,976
Cheirogaleidae,Microcebus,Peters_s_Mouse_Lemur,Microcebus_myoxinus,Microcebus_myoxinus,VU,D,2012,227,Madagascar,976
Cheirogaleidae,Microcebus,Golden_brown_Mouse_Lemur,Microcebus_ravelobensis,Microcebus_ravelobensis,EN,D,2012,227,Madagascar,976
Cheirogaleidae,Microcebus,Rufous_Mouse_Lemur,Microcebus_rufus,Microcebus_rufus,VU,D,NA,227,Madagascar,976
Cheirogaleidae,Microcebus,Sambirano_Mouse_Lemur,Microcebus_sambiranensis,Microcebus_sambiranensis,EN,D,2012,227,Madagascar,976
Cheirogaleidae,Microcebus,Simmons_s_Mouse_Lemur,Microcebus_simmonsi,Microcebus_simmonsi,EN,D,2012,227,Madagascar,976
Cheirogaleidae,Microcebus,Anosi_Mouse_lemur,Microcebus_tanosi,Microcebus_tanosi,NE,NA,NA,227,Madagascar,976
Cheirogaleidae,Microcebus,Tavaratra_Mouse_Lemur,Microcebus_tavaratra,Microcebus_tavaratra,VU,D,2012,227,Madagascar,976
Cercopithecidae,Miopithecus,Northern_Talapoin_Monkey,Miopithecus_ogouensis,Miopithecus_ogouensis,LC,S,2008,227,M_Africa,976
Cercopithecidae,Miopithecus,Southern_Talapoin_Monkey,Miopithecus_talapoin,Miopithecus_talapoin,LC,NA,2008,227,M_Africa,976
Cheirogaleidae,Mirza,Coquerel_s_Giant_Mouse_Lemur,Mirza_coquereli,Mirza_coquereli,EN,D,2012,227,Madagascar,976
Cheirogaleidae,Mirza,Northern_Giant_Mouse_Lemur,Mirza_zaza,Mirza_zaza,EN,D,2012,227,Madagascar,976
Cercopithecidae,Nasalis,Proboscis_Monkey,Nasalis_larvatus,Nasalis_larvatus,EN,D,2008,227,Asia,976
Hylobatidae,Nomascus,Northern_Yellow_cheeked_Crested_Gibbon,Nomascus_annamensis,Nomascus_annamensis,NE,NA,NA,227,Asia,976
Hylobatidae,Nomascus,Western_Black_Crested_Gibbon,Nomascus_concolor,Nomascus_concolor,CR,D,2008,227,Asia,976
Hylobatidae,Nomascus,Southern_Yellow_cheeked_Crested_Gibbon,Nomascus_gabriellae,Nomascus_gabriellae,EN,D,2008,227,Asia,976
Hylobatidae,Nomascus,Hainan_Crested_Gibbon,Nomascus_hainanus,Nomascus_hainanus,CR,S,2008,227,Asia,976
Hylobatidae,Nomascus,Northern_White_cheeked_Crested_Gibbon,Nomascus_leucogenys,Nomascus_leucogenys,CR,D,2008,227,Asia,976
Hylobatidae,Nomascus,Eastern_Black_Crested_Gibbon,Nomascus_nasutus,Nomascus_nasutus,CR,D,2008,227,Asia,976
Hylobatidae,Nomascus,Southern_White_cheeked_Crested_Gibbon,Nomascus_siki,Nomascus_siki,EN,D,2008,227,Asia,976
Lorisidae,Nycticebus,Bangka_Slow_Loris,Nycticebus_bancanus,Nycticebus_bancanus,NE,NA,NA,227,Asia,976
Lorisidae,Nycticebus,Bengal_Slow_Loris,Nycticebus_bengalensis,Nycticebus_bengalensis,VU,D,2008,227,Asia,976
Lorisidae,Nycticebus,Bornean_Slow_Loris,Nycticebus_borneanus,Nycticebus_borneanus,NE,NA,NA,227,Asia,976
Lorisidae,Nycticebus,Sunda_Slow_Loris,Nycticebus_coucang,Nycticebus_coucang,VU,D,2008,227,Asia,976
Lorisidae,Nycticebus,Javan_Slow_Loris,Nycticebus_javanicus,Nycticebus_javanicus,CR,D,2013,227,Asia,976
Lorisidae,Nycticebus,Kayan_River_Slow_Loris,Nycticebus_kayan,Nycticebus_kayan,NE,NA,NA,227,Asia,976
Lorisidae,Nycticebus,Philippine_Slow_Loris,Nycticebus_menagensis,Nycticebus_menagensis,VU,D,2008,227,Asia,976
Lorisidae,Nycticebus,Pygmy_Slow_Loris,Nycticebus_pygmaeus,Nycticebus_pygmaeus,VU,D,2008,227,Asia,976
Galagidae,Otolemur,Thick_tailed_Greater_Galago,Otolemur_crassicaudatus,Otolemur_crassicaudatus,LC,S,2008,227,M_Africa,976
Galagidae,Otolemur,Garnett_s_Greater_Galago,Otolemur_garnettii,Otolemur_garnettii,LC,S,2008,227,M_Africa,976
Hominidae,Pan,Bonobo,Pan_paniscus,Pan_paniscus,EN,D,2008,227,M_Africa,976
Hominidae,Pan,Chimpanzee,Pan_troglodytes,Pan_troglodytes,EN,D,2016,227,M_Africa,976
Cercopithecidae,Papio,Olive_Baboon,Papio_anubis,Papio_anubis,LC,I,2008,227,M_Africa,976
Cercopithecidae,Papio,Yellow_Baboon,Papio_cynocephalus,Papio_cynocephalus,LC,S,2008,227,M_Africa,976
Cercopithecidae,Papio,Hamadryas_Baboon,Papio_hamadryas,Papio_hamadryas,LC,I,NA,227,M_Africa,976
Cercopithecidae,Papio,Kinda_Baboon,Papio_kindae,Papio_kindae,LC,S,2008,227,M_Africa,976
Cercopithecidae,Papio,Guinea_Baboon,Papio_papio,Papio_papio,NT,NA,2008,227,M_Africa,976
Cercopithecidae,Papio,Chacma_Baboon,Papio_ursinus,Papio_ursinus,LC,S,2008,227,M_Africa,976
Galagidae,Paragalago,Kenya_Coast_Dwarf_Galago,NA,Paragalago_cocos,NA,NA,NA,NA,NA,NA
Galagidae,Paragalago,Mozambique_Dwarf_Galago,NA,Paragalago _granti,NA,NA,NA,NA,NA,NA
Galagidae,Paragalago,Mountain_Dwarf_Galago,NA,Paragalago_orinus,NA,NA,NA,NA,NA,NA
Galagidae,Paragalago,Rondo_Dwarf_Galago,NA,Paragalago_rondoensis,NA,NA,NA,NA,NA,NA
Galagidae,Paragalago,Tanzania_Coast_Dwarf_Galago,NA,Paragalago_zanzibaricus,NA,NA,NA,NA,NA,NA
Lorisidae,Perodicticus,Milne_Edwards_s_Potto,Perodicticus_edwardsi,Perodicticus_edwardsi,LC,S,2008,227,M_Africa,976
Lorisidae,Perodicticus,East_African_Potto,Perodicticus_ibeanus,Perodicticus_ibeanus,LC,S,NA,227,M_Africa,976
Lorisidae,Perodicticus,West_African_Potto,Perodicticus_potto,Perodicticus_potto,LC,S,2008,227,M_Africa,976
Cheirogaleidae,Phaner,Montagne_D__Ambre_Fork_marked_Lemur,Phaner_electromontis,Phaner_electromontis,EN,D,2012,227,Madagascar,976
Cheirogaleidae,Phaner,Masoala_Fork_marked_Lemur,Phaner_furcifer,Phaner_furcifer,VU,D,2012,227,Madagascar,976
Cheirogaleidae,Phaner,Pale_Fork_marked_Lemur,Phaner_pallescens,Phaner_pallescens,EN,D,2012,227,Madagascar,976
Cheirogaleidae,Phaner,Sambirano_Fork_marked_Lemur,Phaner_parienti,Phaner_parienti,EN,D,2012,227,Madagascar,976
Cercopithecidae,Piliocolobus,Upper_Guinea_Red_Colobus,Piliocolobus_badius,Piliocolobus_badius,EN,D,2008,227,M_Africa,976
Cercopithecidae,Piliocolobus,Bouvier_s_Red_Colobus,Piliocolobus_bouvieri,Piliocolobus_bouvieri,CR,NA,2008,227,M_Africa,976
Cercopithecidae,Piliocolobus,Niger_Delta_Red_Colobus,Piliocolobus_epieni,Piliocolobus_epieni,CR,D,2008,227,M_Africa,976
Cercopithecidae,Piliocolobus,Foa_s_Red_Colobus,Piliocolobus_foai,Piliocolobus_foai,NE,NA,NA,227,M_Africa,976
Cercopithecidae,Piliocolobus,Udzungwa_Red_Colobus,Piliocolobus_gordonorum,Piliocolobus_gordonorum,EN,D,2008,227,M_Africa,976
Cercopithecidae,Piliocolobus,Zanzibar_Red_Colobus,Piliocolobus_kirkii,Piliocolobus_kirkii,EN,D,2008,227,M_Africa,976
Cercopithecidae,Piliocolobus,Lang_s_Red_Colobus,Piliocolobus_langi,Piliocolobus_langi,NE,NA,NA,227,M_Africa,976
Cercopithecidae,Piliocolobus,NA,NA,Piliocolobus_lulindicus,NA,NA,NA,NA,NA,NA
Cercopithecidae,Piliocolobus,Oustalet_s_Red_Colobus,Piliocolobus_oustaleti,Piliocolobus_oustaleti,LC,D,2008,227,M_Africa,976
Cercopithecidae,Piliocolobus,Lomami_Red_Colobus,Piliocolobus_parmentieri,Piliocolobus_parmentieri,NE,NA,NA,227,M_Africa,976
Cercopithecidae,Piliocolobus,Pennant_s_Red_Colobus,Piliocolobus_pennantii,Piliocolobus_pennantii,EN,D,2008,227,M_Africa,976
Cercopithecidae,Piliocolobus,Preuss_s_Red_Colobus,Piliocolobus_preussi,Piliocolobus_preussi,CR,D,2008,227,M_Africa,976
Cercopithecidae,Piliocolobus,Tana_River_Red_Colobus,Piliocolobus_rufomitratus,Piliocolobus_rufomitratus,EN,D,2008,227,M_Africa,976
Cercopithecidae,Piliocolobus,Semliki_Red_Colobus,Piliocolobus_semlikiensis,Piliocolobus_semlikiensis,NE,NA,NA,227,M_Africa,976
Cercopithecidae,Piliocolobus,Temminick_s_Red_Colobus,Piliocolobus_temminckii,NA,EN,D,2008,227,M_Africa,976
Cercopithecidae,Piliocolobus,Ashy_Red_Colobus,Piliocolobus_tephrosceles,Piliocolobus_tephrosceles,EN,D,2008,227,M_Africa,976
Cercopithecidae,Piliocolobus,Tshuapa_Red_Colobus,Piliocolobus_tholloni,Piliocolobus_tholloni,NT,D,2008,227,M_Africa,976
Cercopithecidae,Piliocolobus,Miss_Waldron_s_Red_Colobus,Piliocolobus_waldronae,Piliocolobus_waldronae,CR,D,2008,227,M_Africa,976
Pitheciidae,Pithecia,Equatorial_Saki,Pithecia_aequatorialis,Pithecia_aequatorialis,LC,D,2015,227,Neotropics,976
Pitheciidae,Pithecia,Buffy_Saki,Pithecia_albicans,Pithecia_albicans,LC,D,2015,227,Neotropics,976
Pitheciidae,Pithecia,Cazuza_s_Saki,Pithecia_cazuzai,Pithecia_cazuzai,NE,NA,NA,227,Neotropics,976
Pitheciidae,Pithecia,Golden_faced_Saki,Pithecia_chrysocephala,Pithecia_chrysocephala,LC,NA,2015,227,Neotropics,976
Pitheciidae,Pithecia,Hairy_Saki,Pithecia_hirsuta,Pithecia_hirsuta,NE,NA,NA,227,Neotropics,976
Pitheciidae,Pithecia,Burnished_Saki,Pithecia_inusta,Pithecia_inusta,NE,NA,NA,227,Neotropics,976
Pitheciidae,Pithecia,Gray_s_Bald_faced_Saki,Pithecia_irrorata,Pithecia_irrorata,LC,NA,NA,227,Neotropics,976
Pitheciidae,Pithecia,Isabel_s_Saki,Pithecia_isabela,Pithecia_isabela,NE,NA,NA,227,Neotropics,976
Pitheciidae,Pithecia,Miller_s_Saki,Pithecia_milleri,Pithecia_milleri,DD,NA,2008,227,Neotropics,976
Pitheciidae,Pithecia,Mittermeier_s_Tapajós_Saki,Pithecia_mittermeieri,Pithecia_mittermeieri,NE,NA,NA,227,Neotropics,976
Pitheciidae,Pithecia,Monk_Saki,Pithecia_monachus,Pithecia_monachus,LC,NA,2015,227,Neotropics,976
Pitheciidae,Pithecia,Napo_Saki,Pithecia_napensis,Pithecia_napensis,NE,NA,NA,227,Neotropics,976
Pitheciidae,Pithecia,Pissinatti_s_Bald_faced_Saki,Pithecia_pissinattii,Pithecia_pissinattii,NE,NA,NA,227,Neotropics,976
Pitheciidae,Pithecia,White_faced_saki,Pithecia_pithecia,Pithecia_pithecia,LC,NA,2015,227,Neotropics,976
Pitheciidae,Pithecia,Rylands__Bald_faced_Saki,Pithecia_rylandsi,Pithecia_rylandsi,NE,NA,NA,227,Neotropics,976
Pitheciidae,Pithecia,Vanzolini’s_Bald_faced_Saki,Pithecia_vanzolinii,Pithecia_vanzolinii,DD,NA,2015,227,Neotropics,976
Pitheciidae,Plecturocebus,Madidi_Titi,Plecturocebus_aureipalatii,Plecturocebus_aureipalatii,LC,S,2015,227,Neotropics,976
Pitheciidae,Plecturocebus,Lake_Baptista_Titi,Plecturocebus_baptista,Plecturocebus_baptista,LC,NA,2015,227,Neotropics,976
Pitheciidae,Plecturocebus,Prince_Bernhard_s_Titi,Plecturocebus_bernhardi,Plecturocebus_bernhardi,LC,NA,2015,227,Neotropics,976
Pitheciidae,Plecturocebus,Brown_Titi,Plecturocebus_brunneus,Plecturocebus_brunneus,LC,NA,2008,227,Neotropics,976
Pitheciidae,Plecturocebus,Chestnut_bellied_Titi,Plecturocebus_caligatus,Plecturocebus_caligatus,LC,NA,2015,227,Neotropics,976
Pitheciidae,Plecturocebus,Caquetá_Titi,Plecturocebus_caquetensis,Plecturocebus_caquetensis,CR,D,2011,227,Neotropics,976
Pitheciidae,Plecturocebus,Ashy_Titi,Plecturocebus_cinerascens,Plecturocebus_cinerascens,LC,NA,2015,227,Neotropics,976
Pitheciidae,Plecturocebus,Coppery_Titi,Plecturocebus_cupreus,Plecturocebus_cupreus,LC,NA,NA,227,Neotropics,976
Pitheciidae,Plecturocebus,Red_crowned_Titi,Plecturocebus_discolor,Plecturocebus_discolor,LC,NA,2015,227,Neotropics,976
Pitheciidae,Plecturocebus,White_eared_Titi,Plecturocebus_donacophilus,Plecturocebus_donacophilus,LC,D,2015,227,Neotropics,976
Pitheciidae,Plecturocebus,Hoffmann_s_Titi,Plecturocebus_hoffmannsi,Plecturocebus_hoffmannsi,LC,NA,2015,227,Neotropics,976
Pitheciidae,Plecturocebus,Milton´s_titi_monkey,Plecturocebus_miltoni,Plecturocebus_miltoni,NE,NA,NA,227,Neotropics,976
Pitheciidae,Plecturocebus,Rio_Beni_Titi,Plecturocebus_modestus,Plecturocebus_modestus,EN,D,2008,227,Neotropics,976
Pitheciidae,Plecturocebus,Red_bellied_Titi,Plecturocebus_moloch,Plecturocebus_moloch,LC,NA,2008,227,Neotropics,976
Pitheciidae,Plecturocebus,San_Martín_Titi,Plecturocebus_oenanthe,Plecturocebus_oenanthe,CR,D,2011,227,Neotropics,976
Pitheciidae,Plecturocebus,Olalla_s_Titi,Plecturocebus_olallae,Plecturocebus_olallae,EN,D,2008,227,Neotropics,976
Pitheciidae,Plecturocebus,Ornate_Titi,Plecturocebus_ornatus,Plecturocebus_ornatus,VU,D,2008,227,Neotropics,976
Pitheciidae,Plecturocebus,Pale_Titi,Plecturocebus_pallescens,Plecturocebus_pallescens,LC,S,2008,227,Neotropics,976
Pitheciidae,Plecturocebus,Stephen_Nash_s_Titi,Plecturocebus_stephennashi,Plecturocebus_stephennashi,DD,NA,2015,227,Neotropics,976
Pitheciidae,Plecturocebus,Toppin’s_Titi,Plecturocebus_toppini,Plecturocebus_toppini,NE,NA,NA,227,Neotropics,976
Pitheciidae,Plecturocebus,Urubamba_Brown_Titi,Plecturocebus_urubambensis,Plecturocebus_urubambensis,NE,NA,NA,227,Neotropics,976
Pitheciidae,Plecturocebus,Vieira_s_Titi,Plecturocebus_vieirai,Plecturocebus_vieirai,NE,NA,NA,227,Neotropics,976
Hominidae,Pongo,Sumatran_Orangutan,Pongo_abelii,Pongo_abelii,CR,D,2017,227,Asia,976
Hominidae,Pongo,Bornean_Orangutan,Pongo_pygmaeus,Pongo_pygmaeus,CR,D,2017,227,Asia,976
Hominidae,Pongo,Tapanuli_Orangutan,NA,Pongo_tapanuliensis,CR,D,2017,228,Asia,976
Cercopithecidae,Presbytis,Black_and_white_Langur,Presbytis_bicolor,Presbytis_bicolor,DD,D,2008,227,Asia,976
Cercopithecidae,Presbytis,Miller_s_Langur,Presbytis_canicrus,Presbytis_canicrus,EN,D,2008,227,Asia,976
Cercopithecidae,Presbytis,Cross_marked_Langur,Presbytis_chrysomelas,Presbytis_chrysomelas,CR,D,2008,227,Asia,976
Cercopithecidae,Presbytis,Javan_Langur,Presbytis_comata,Presbytis_comata,EN,D,2008,227,Asia,976
Cercopithecidae,Presbytis,Banded_Langur,Presbytis_femoralis,Presbytis_femoralis,NT,D,2008,227,Asia,976
Cercopithecidae,Presbytis,White_fronted_Langur,Presbytis_frontata,Presbytis_frontata,VU,D,2008,227,Asia,976
Cercopithecidae,Presbytis,Hose_s_Langur,Presbytis_hosei,Presbytis_hosei,VU,D,2008,227,Asia,976
Cercopithecidae,Presbytis,Black_crested_Sumatran_Langur,Presbytis_melalophos,Presbytis_melalophos,EN,D,2008,227,Asia,976
Cercopithecidae,Presbytis,Mitered_Langur,Presbytis_mitrata,Presbytis_mitrata,EN,D,2008,227,Asia,976
Cercopithecidae,Presbytis,Natuna_Islands_Langur,Presbytis_natunae,Presbytis_natunae,VU,D,2008,227,Asia,976
Cercopithecidae,Presbytis,Mentawai_Langur,Presbytis_potenziani,Presbytis_potenziani,EN,D,2008,227,Asia,976
Cercopithecidae,Presbytis,Maroon_Langur,Presbytis_rubicunda,Presbytis_rubicunda,LC,D,2008,227,Asia,976
Cercopithecidae,Presbytis,Sabah_Grizzled_Langur,Presbytis_sabana,Presbytis_sabana,EN,D,2008,227,Asia,976
Cercopithecidae,Presbytis,Pale_thighed_Langur,Presbytis_siamensis,Presbytis_siamensis,NT,D,2008,227,Asia,976
Cercopithecidae,Presbytis,Siberut_Langur,Presbytis_siberu,Presbytis_siberu,EN,D,2008,227,Asia,976
Cercopithecidae,Presbytis,Black_Sumatran_Langur,Presbytis_sumatrana,Presbytis_sumatrana,EN,D,NA,227,Asia,976
Cercopithecidae,Presbytis,Thomas_s_Langur,Presbytis_thomasi,Presbytis_thomasi,VU,D,2008,227,Asia,976
Cercopithecidae,Procolobus,Olive_Colobus,Procolobus_verus,Procolobus_verus,NT,NA,2008,227,M_Africa,976
Lemuridae,Prolemur,Greater_Bamboo_Lemur,Prolemur_simus,Prolemur_simus,CR,D,2012,227,Madagascar,976
Indriidae,Propithecus,Silky_Sifaka,Propithecus_candidus,Propithecus_candidus,CR,D,2012,227,Madagascar,976
Indriidae,Propithecus,Coquerel_s_Sifaka,Propithecus_coquereli,Propithecus_coquereli,EN,D,2012,227,Madagascar,976
Indriidae,Propithecus,Crowned_Sifaka,Propithecus_coronatus,Propithecus_coronatus,EN,D,2012,227,Madagascar,976
Indriidae,Propithecus,Decken_s_Sifaka,Propithecus_deckenii,Propithecus_deckenii,EN,D,2012,227,Madagascar,976
Indriidae,Propithecus,Diademed_Sifaka,Propithecus_diadema,Propithecus_diadema,CR,D,2012,227,Madagascar,976
Indriidae,Propithecus,Milne_Edwards_s_Sifaka,Propithecus_edwardsi,Propithecus_edwardsi,EN,D,2012,227,Madagascar,976
Indriidae,Propithecus,Perrier_s_Sifaka,Propithecus_perrieri,Propithecus_perrieri,CR,D,2012,227,Madagascar,976
Indriidae,Propithecus,Tattersall_s_Sifaka,Propithecus_tattersalli,Propithecus_tattersalli,CR,D,2012,227,Madagascar,976
Indriidae,Propithecus,Verreaux_s_Sifaka,Propithecus_verreauxi,Propithecus_verreauxi,EN,D,2008,227,Madagascar,976
Cercopithecidae,Pygathrix,Grey_shanked_Douc,Pygathrix_cinerea,Pygathrix_cinerea,CR,D,2008,227,Madagascar,976
Cercopithecidae,Pygathrix,Red_shanked_Douc,Pygathrix_nemaeus,Pygathrix_nemaeus,EN,D,2008,227,Madagascar,976
Cercopithecidae,Pygathrix,Black_shanked_Douc,Pygathrix_nigripes,Pygathrix_nigripes,EN,D,2008,227,Madagascar,976
Cercopithecidae,Rhinopithecus,Tonkin_Snub_nosed_Monkey,Rhinopithecus_avunculus,Rhinopithecus_avunculus,CR,D,2008,227,Asia,976
Cercopithecidae,Rhinopithecus,Yunnan_Snub_nosed_Monkey,Rhinopithecus_bieti,Rhinopithecus_bieti,EN,D,2008,227,Asia,976
Cercopithecidae,Rhinopithecus,Guizhou_Snub_nosed_Monkey,Rhinopithecus_brelichi,Rhinopithecus_brelichi,EN,D,2008,227,Asia,976
Cercopithecidae,Rhinopithecus,Golden_Snub_nosed_Monkey,Rhinopithecus_roxellana,Rhinopithecus_roxellana,EN,D,2008,227,Asia,976
Cercopithecidae,Rhinopithecus,Stryker_s_Snub_nosed_Monkey,Rhinopithecus_strykeri,Rhinopithecus_strykeri,CR,D,2012,227,Asia,976
Cercopithecidae,Rungwecebus,Kipunji,Rungwecebus_kipunji,Rungwecebus_kipunji,CR,D,2008,227,M_Africa,976
Callitrichidae,Saguinus,Pied_Tamarin,Saguinus_bicolor,Saguinus_bicolor,EN,D,2008,227,Neotropics,976
Callitrichidae,Saguinus,Geoffroy_s_Tamarin,Saguinus_geoffroyi,Saguinus_geoffroyi,LC,D,2008,227,Neotropics,976
Callitrichidae,Saguinus,Emperor_Tamarin,Saguinus_imperator,Saguinus_imperator,LC,D,2015,227,Neotropics,976
Callitrichidae,Saguinus,Mottled_face_Tamarin,Saguinus_inustus,Saguinus_inustus,LC,S,2015,227,Neotropics,976
Callitrichidae,Saguinus,Red_bellied_Tamarin,Saguinus_labiatus,Saguinus_labiatus,LC,S,2015,227,Neotropics,976
Callitrichidae,Saguinus,White_footed_Tamarin,Saguinus_leucopus,Saguinus_leucopus,EN,D,2008,227,Neotropics,976
Callitrichidae,Saguinus,Martin_s_Bare_faced_Tamarin,Saguinus_martinsi,Saguinus_martinsi,LC,NA,2008,227,Neotropics,976
Callitrichidae,Saguinus,Midas_Tamarin,Saguinus_midas,Saguinus_midas,LC,S,2015,227,Neotropics,976
Callitrichidae,Saguinus,Mustached_Tamarin,Saguinus_mystax,Saguinus_mystax,LC,S,2015,227,Neotropics,976
Callitrichidae,Saguinus,Western_Black_handed_Tamarin,Saguinus_niger,Saguinus_niger,VU,D,2008,227,Neotropics,976
Callitrichidae,Saguinus,Cotton_top_Tamarin,Saguinus_oedipus,Saguinus_oedipus,CR,D,2008,227,Neotropics,976
Callitrichidae,Saguinus,Eastern_Black_handed_Tamarin,Saguinus_ursulus,Saguinus_ursulus,NE,NA,NA,227,Neotropics,976
Cebidae,Saimiri,Black_capped_Squirrel_Monkey,Saimiri_boliviensis,Saimiri_boliviensis,LC,D,2015,227,Neotropics,976
Cebidae,Saimiri,Humboldt_s_Squirrel_Monkey,Saimiri_cassiquiarensis,Saimiri_cassiquiarensis,LC,NA,2008,227,Neotropics,976
Cebidae,Saimiri,Collins'_Squirrel_Monkey,NA,Saimiri_collinsi,NA,NA,NA,NA,NA,NA
Cebidae,Saimiri,Ecuadorian_Squirrel_Monkey,Saimiri_macrodon,Saimiri_macrodon,LC,D,2008,227,Neotropics,976
Cebidae,Saimiri,Central_American_Squirrel_Monkey,Saimiri_oerstedii,Saimiri_oerstedii,VU,D,2008,227,Neotropics,976
Cebidae,Saimiri,Guianan_Squirrel_Monkey,Saimiri_sciureus,Saimiri_sciureus,LC,D,2008,227,Neotropics,976
Cebidae,Saimiri,Golden_backed_Squirrel_Monkey,Saimiri_ustus,Saimiri_ustus,NT,D,2008,227,Neotropics,976
Cebidae,Saimiri,Black_headed_Squirrel_Monkey,Saimiri_vanzolinii,Saimiri_vanzolinii,VU,NA,2008,227,Neotropics,976
Cebidae,Sapajus,Guianan_Brown_Capuchin,Sapajus_apella,Sapajus_apella,LC,D,2015,227,Neotropics,976
Cebidae,Sapajus,Hooded_Capuchin,Sapajus_cay,Sapajus_cay,LC,D,2015,227,Neotropics,976
Cebidae,Sapajus,Blond_Capuchin,Sapajus_flavius,Sapajus_flavius,CR,D,2008,227,Neotropics,976
Cebidae,Sapajus,Bearded_Capuchin,Sapajus_libidinosus,Sapajus_libidinosus,LC,D,2008,227,Neotropics,976
Cebidae,Sapajus,Large_headed_Capuchin,Sapajus_macrocephalus,Sapajus_macrocephalus,LC,D,2015,227,Neotropics,976
Cebidae,Sapajus,Black_horned_Capuchin,Sapajus_nigritus,Sapajus_nigritus,NT,D,2008,227,Neotropics,976
Cebidae,Sapajus,Crested_Capuchin,Sapajus_robustus,Sapajus_robustus,EN,D,2008,227,Neotropics,976
Cebidae,Sapajus,Yellow_breasted_Capuchin,Sapajus_xanthosternos,Sapajus_xanthosternos,CR,D,2008,227,Neotropics,976
Galagidae,Sciurocheirus,Bioko_Squirrel_Galago,Sciurocheirus_alleni,Sciurocheirus_alleni,EN,NA,2008,227,M_Africa,976
Galagidae,Sciurocheirus,Cross_River_Squirrel_Galago,Sciurocheirus_cameronensis,NA,LC,NA,2008,227,M_Africa,976
Galagidae,Sciurocheirus,Gabon_Squirrel_Galago,Sciurocheirus_gabonensis,Sciurocheirus_gabonensis,LC,NA,2008,227,M_Africa,976
Galagidae,Sciurocheirus,Makandé_squirrel_galago,Sciurocheirus_makandensis,Sciurocheirus_makandensis,NE,NA,NA,227,M_Africa,976
Cercopithecidae,Semnopithecus,Chamba_Sacred_Langur,Semnopithecus_ajax,Semnopithecus_ajax,EN,D,2008,227,Asia,976
Cercopithecidae,Semnopithecus,Bengal_Sacred_Langur,Semnopithecus_entellus,Semnopithecus_entellus,LC,D,2008,227,Asia,976
Cercopithecidae,Semnopithecus,Terai_Sacred_Langur,Semnopithecus_hector,Semnopithecus_hector,NT,D,2008,227,Asia,976
Cercopithecidae,Semnopithecus,Malabar_Sacred_Langur,Semnopithecus_hypoleucos,Semnopithecus_hypoleucos,VU,D,2008,227,Asia,976
Cercopithecidae,Semnopithecus,Nilgiri_Langur,Semnopithecus_johnii,Semnopithecus_johnii,VU,D,2008,227,Asia,976
Cercopithecidae,Semnopithecus,Tufted_Gray_Langur,Semnopithecus_priam,Semnopithecus_priam,NT,D,2008,227,Asia,976
Cercopithecidae,Semnopithecus,Nepal_Sacred_Langur,Semnopithecus_schistaceus,Semnopithecus_schistaceus,LC,D,2008,227,Asia,976
Cercopithecidae,Semnopithecus,Purple_faced_Langur,Semnopithecus_vetulus,Semnopithecus_vetulus,EN,D,2008,227,Asia,976
Cercopithecidae,Simias,Pig_tailed_Langur,Simias_concolor,Simias_concolor,CR,D,2008,227,Asia,976
Hylobatidae,Symphalangus,Siamang,Symphalangus_syndactylus,Symphalangus_syndactylus,EN,D,2008,227,Asia,976
Tarsiidae,Tarsius,Dian_s_Tarsier,Tarsius_dentatus,Tarsius_dentatus,VU,D,2008,227,Asia,976
Tarsiidae,Tarsius,Makassar_Tarsier,Tarsius_fuscus,Tarsius_fuscus,NE,NA,NA,227,Asia,976
Tarsiidae,Tarsius,Lariang_Tarsier,Tarsius_lariang,Tarsius_lariang,DD,D,2008,227,Asia,976
Tarsiidae,Tarsius,Peleng_Tarsier,Tarsius_pelengensis,Tarsius_pelengensis,EN,D,2008,227,Asia,976
Tarsiidae,Tarsius,Sulawesi_Mountain_Tarsier,Tarsius_pumilus,Tarsius_pumilus,DD,D,2008,227,Asia,976
Tarsiidae,Tarsius,Great_Sangihe_Tarsier,Tarsius_sangirensis,Tarsius_sangirensis,EN,D,2008,227,Asia,976
Tarsiidae,Tarsius,Gursky's_Spectral_Tarsier ,NA,Tarsius_spectrumgurskyae,NA,NA,NA,NA,NA,NA
Tarsiidae,Tarsius,Jatna's_Tarsier,NA,Tarsius_supriatnai,NA,NA,NA,NA,NA,NA
Tarsiidae,Tarsius,Selayar_Tarsier,Tarsius_tarsier,Tarsius_tarsier,VU,D,2010,227,Asia,976
Tarsiidae,Tarsius,Siau_Island_Tarsier,Tarsius_tumpara,Tarsius_tumpara,CR,D,2010,227,Asia,976
Tarsiidae,Tarsius,Wallace_s_Tarsier,Tarsius_wallacei,Tarsius_wallacei,DD,D,2011,227,Asia,976
Cercopithecidae,Theropithecus,Gelada,Theropithecus_gelada,Theropithecus_gelada,LC,D,NA,227,M_Africa,976
Cercopithecidae,Trachypithecus,East_Javan_Langur,Trachypithecus_auratus,Trachypithecus_auratus,VU,D,2008,227,Asia,976
Cercopithecidae,Trachypithecus,Tenasserim_Langur,Trachypithecus_barbei,Trachypithecus_barbei,DD,D,2008,227,Asia,976
Cercopithecidae,Trachypithecus,Indochinese_Gray_Langur,Trachypithecus_crepusculus,Trachypithecus_crepusculus,EN,D,NA,227,Asia,976
Cercopithecidae,Trachypithecus,Silvered_Langur,Trachypithecus_cristatus,Trachypithecus_cristatus,NT,D,2008,227,Asia,976
Cercopithecidae,Trachypithecus,Delacour_s_Langur,Trachypithecus_delacouri,Trachypithecus_delacouri,CR,D,2008,227,Asia,976
Cercopithecidae,Trachypithecus,Black_Langur,Trachypithecus_ebenus,Trachypithecus_ebenus,EN,D,NA,227,Asia,976
Cercopithecidae,Trachypithecus,Francois_s_Langur,Trachypithecus_francoisi,Trachypithecus_francoisi,EN,D,2008,227,Asia,976
Cercopithecidae,Trachypithecus,Golden_Langur,Trachypithecus_geei,Trachypithecus_geei,EN,D,2008,227,Asia,976
Cercopithecidae,Trachypithecus,Germain_s_Langur,Trachypithecus_germaini,Trachypithecus_germaini,EN,D,2008,227,Asia,976
Cercopithecidae,Trachypithecus,Hatinh_Langur,Trachypithecus_hatinhensis,Trachypithecus_hatinhensis,EN,D,2008,227,Asia,976
Cercopithecidae,Trachypithecus,Laos_Langur,Trachypithecus_laotum,Trachypithecus_laotum,VU,D,2008,227,Asia,976
Cercopithecidae,Trachypithecus,White_headed_Langur,Trachypithecus_leucocephalus,Trachypithecus_leucocephalus,CR,D,2008,227,Asia,976
Cercopithecidae,Trachypithecus,Annamese_Langur,Trachypithecus_margarita,Trachypithecus_margarita,EN,D,NA,227,Asia,976
Cercopithecidae,Trachypithecus,West_Javan_Langur,Trachypithecus_mauritius,Trachypithecus_mauritius,VU,D,2008,227,Asia,976
Cercopithecidae,Trachypithecus,Dusky_Langur,Trachypithecus_obscurus,Trachypithecus_obscurus,NT,D,2008,227,Asia,976
Cercopithecidae,Trachypithecus,Phayre_s_Langur,Trachypithecus_phayrei,Trachypithecus_phayrei,EN,D,2008,227,Asia,976
Cercopithecidae,Trachypithecus,Capped_Langur,Trachypithecus_pileatus,Trachypithecus_pileatus,VU,D,2008,227,Asia,976
Cercopithecidae,Trachypithecus,Cat_Ba_Langur,Trachypithecus_poliocephalus,Trachypithecus_poliocephalus,CR,D,NA,227,Asia,976
Cercopithecidae,Trachypithecus,Selangor_Silvery_Langur,Trachypithecus_selangorensis,Trachypithecus_selangorensis,NE,NA,NA,227,Asia,976
Cercopithecidae,Trachypithecus,Shortridge_s_Langur,Trachypithecus_shortridgei,Trachypithecus_shortridgei,EN,D,2008,227,Asia,976
Lemuridae,Varecia,Red_Ruffed_Lemur,Varecia_rubra,Varecia_rubra,CR,D,2012,227,Madagascar,976
Lemuridae,Varecia,Black_and_white_Ruffed_Lemur,Varecia_variegata,Varecia_variegata,CR,D,2012,227,Madagascar,976
